niveau,wort,artikel,turkce,formen,typ,beispiele,eintrag,quelle
A1 (Fit in Deutsch 1),ab,,"-den itibaren, -den beri",,Sonstiges,Ab morgen haben wir Ferien.,ab,A1_Fit1.pdf
A1 (Fit in Deutsch 1),aber,,"ama, fakat",,Sonstiges,"Der Film ist traurig, aber sehr schön.",aber,A1_Fit1.pdf
A1 (Fit in Deutsch 1),abfahren,,"hareket etmek, kalkmak",,Sonstiges,Der Zug fährt gleich ab.,abfahren,A1_Fit1.pdf
A1 (Fit in Deutsch 1),abgeben,,"teslim etmek, vermek",,Sonstiges,Kann ich das Buch hier abgeben?,abgeben,A1_Fit1.pdf
A1 (Fit in Deutsch 1),abholen,,"almak, karşılamak",,Sonstiges,Ich hole dich am Bahnhof ab.,abholen,A1_Fit1.pdf
A1 (Fit in Deutsch 1),Achtung,die,dikkat,(Sg.),Nomen,Achtung! Jetzt fängt es an.,e Achtung (Sg.),A1_Fit1.pdf
A1 (Fit in Deutsch 1),Adresse,die,adres,-n,Nomen,Ich weiß die Adresse nicht.,"e Adresse, -n",A1_Fit1.pdf
A1 (Fit in Deutsch 1),Ahnung,die,"fikir, tahmin",-en,Nomen,Ich habe keine Ahnung!,"e Ahnung, -en",A1_Fit1.pdf
A1 (Fit in Deutsch 1),alle,,"hepsi, herkes",,Sonstiges,Sind alle da? Hast du alles?,alle,A1_Fit1.pdf
A1 (Fit in Deutsch 1),allein,,yalnız,,Sonstiges,Er arbeitet gern allein.,allein,A1_Fit1.pdf
A1 (Fit in Deutsch 1),also,,"yani, öyleyse",,Sonstiges,"Wir haben viel Platz, du kannst also bei uns schlafen.",also,A1_Fit1.pdf
A1 (Fit in Deutsch 1),alt,,"yaşlı, eski",,Sonstiges,Wie alt bist du? Unser Haus ist sehr alt.,alt,A1_Fit1.pdf
A1 (Fit in Deutsch 1),Alter,das,yaş,(Sg.),Nomen,Alter: 15 Jahre,s Alter (Sg.),A1_Fit1.pdf
A1 (Fit in Deutsch 1),an,,"-de, -da; -e, -a",,Sonstiges,Am Sonntag/am Abend/am Anfang/am Meer/ am Fenster/an den See/am Marktplatz,an,A1_Fit1.pdf
A1 (Fit in Deutsch 1),ander-,,"diğer, başka",,Sonstiges,"Gefällt dir die Jacke? / Nein, die andere finde ich schöner.",ander-,A1_Fit1.pdf
A1 (Fit in Deutsch 1),Anfang,der,başlangıç,"ä, -e",Nomen,Am Anfang ist das Buch langweilig.,"r Anfang, ä, -e",A1_Fit1.pdf
A1 (Fit in Deutsch 1),anfangen,,başlamak,,Sonstiges,Fangt bitte mit Übung 12 an. / Fängst du an?,anfangen,A1_Fit1.pdf
A1 (Fit in Deutsch 1),Angst,die,korku,"ä, -e",Nomen,Er hat Angst.,"e Angst, ä, -e",A1_Fit1.pdf
A1 (Fit in Deutsch 1),ankommen,,varmak,,Sonstiges,Wann kommt ihr in Berlin an?,ankommen,A1_Fit1.pdf
A1 (Fit in Deutsch 1),anrufen,,"aramak, telefon etmek",,Sonstiges,Ich rufe dich morgen an.,anrufen,A1_Fit1.pdf
A1 (Fit in Deutsch 1),Anruf,der,"telefon görüşmesi, arama",e,Nomen,Ich warte dann auf deinen Anruf - okay?,"r Anruf, e",A1_Fit1.pdf
A1 (Fit in Deutsch 1),Anrufbeantworter,der,telesekreter,,Nomen,Sind Nachrichten auf dem Anrufbeantworter?,r Anrufbeantworter,A1_Fit1.pdf
A1 (Fit in Deutsch 1),Antwort,die,"cevap, yanıt",-en,Nomen,Weißt du die Antwort?,"e Antwort, -en",A1_Fit1.pdf
A1 (Fit in Deutsch 1),antworten,,"cevap vermek, yanıtlamak",,Sonstiges,Warum antwortest du nicht?,antworten,A1_Fit1.pdf
A1 (Fit in Deutsch 1),Anzeige,die,ilan,-n,Nomen,Lies bitte die Anzeige in der Zeitung!,"e Anzeige, -n",A1_Fit1.pdf
A1 (Fit in Deutsch 1),Apfel,der,elma,"Ä, -",Nomen,Schmeckt dir der Apfel?,"r Apfel, Ä, -",A1_Fit1.pdf
A1 (Fit in Deutsch 1),Apotheke,die,eczane,-n,Nomen,Aspirin? Das bekommen Sie in der Apotheke.,"e Apotheke, -n",A1_Fit1.pdf
A1 (Fit in Deutsch 1),Appetit,der,iştah,(Sg.),Nomen,Guten Appetit!,r Appetit (Sg.),A1_Fit1.pdf
A1 (Fit in Deutsch 1),Arbeit,die,"iş, çalışma",-en,Nomen,War die Physikarbeit schwer?,"e Arbeit, -en",A1_Fit1.pdf
A1 (Fit in Deutsch 1),arbeiten,,çalışmak,,Sonstiges,Mein Vater arbeitet bei einer Autofirma.,arbeiten,A1_Fit1.pdf
A1 (Fit in Deutsch 1),arbeitslos,,işsiz,,Sonstiges,Meine Mutter ist arbeitslos.,arbeitslos,A1_Fit1.pdf
A1 (Fit in Deutsch 1),Arm,der,kol,-e,Nomen,Mein Arm tut weh.,"r Arm, -e",A1_Fit1.pdf
A1 (Fit in Deutsch 1),Artikel,der,makale,-,Nomen,Der Artikel in der Zeitung ist sehr interessant.,"r Artikel, -",A1_Fit1.pdf
A1 (Fit in Deutsch 1),Arzt,der,"doktor, hekim","Ä, -e",Nomen,Er war beim Arzt.,"r Arzt, Ä, -e",A1_Fit1.pdf
A1 (Fit in Deutsch 1),Ärztin,die,kadın doktor,-nen,Nomen,Die Ärztin arbeitet im Krankenhaus.,"e Ärztin, -nen",A1_Fit1.pdf
A1 (Fit in Deutsch 1),auch,,"de, da; ayrıca",,Sonstiges,Ich möchte auch mitspielen.,auch,A1_Fit1.pdf
A1 (Fit in Deutsch 1),auf,,"üstünde, üzerinde",,Sonstiges,Die Zeitung ist auf dem Tisch./ Auf dem Foto bin ich mit meiner Schwester./ Wie heißt das auf Deutsch?,auf,A1_Fit1.pdf
A1 (Fit in Deutsch 1),aufmachen,,açmak,,Sonstiges,Kannst du bitte das Fenster aufmachen?,aufmachen,A1_Fit1.pdf
A1 (Fit in Deutsch 1),aufpassen,,dikkat etmek,,Sonstiges,"Könnt ihr bitte aufpassen? Ich zeige euch, wie es geht.",aufpassen,A1_Fit1.pdf
A1 (Fit in Deutsch 1),aufräumen,,"toplamak, düzenlemek",,Sonstiges,Räum bitte dein Zimmer auf.,aufräumen,A1_Fit1.pdf
A1 (Fit in Deutsch 1),auf sein,,açık olmak,,Sonstiges,Das Fenster ist auf.,auf sein,A1_Fit1.pdf
A1 (Fit in Deutsch 1),aufstehen,,"kalkmak, ayağa kalkmak",,Sonstiges,Um acht Uhr stehen wir auf.,aufstehen,A1_Fit1.pdf
A1 (Fit in Deutsch 1),Auge,das,göz,-n,Nomen,Seine Augen sind grün.,"s Auge, -n",A1_Fit1.pdf
A1 (Fit in Deutsch 1),aus,,"-den, -dan; içinden",,Sonstiges,Wann kommt ihr aus der Schule?/ Ich komme aus Deutschland.,aus,A1_Fit1.pdf
A1 (Fit in Deutsch 1),Ausflug,der,gezi,"ü, -e",Nomen,Wir machen mit der Schule einen Ausflug.,"r Ausflug, ü, -e",A1_Fit1.pdf
A1 (Fit in Deutsch 1),Ausland,das,yurt dışı,(Sg.),Nomen,Mein Vater war lange im Ausland.,s Ausland (Sg.),A1_Fit1.pdf
A1 (Fit in Deutsch 1),aussehen,,görünmek,,Sonstiges,Das Buch sieht sehr interessant aus. Du siehst heute hübsch aus.,aussehen,A1_Fit1.pdf
A1 (Fit in Deutsch 1),aus sein,,"bitmiş olmak, sona ermek",,Sonstiges,Um ein Uhr ist die Schule aus.,aus sein,A1_Fit1.pdf
A1 (Fit in Deutsch 1),aussteigen,,inmek,,Sonstiges,Du musst am Marktplatz aussteigen.,aussteigen,A1_Fit1.pdf
A1 (Fit in Deutsch 1),Auto,das,araba,-s,Nomen,Wir kommen mit dem Auto.,"s Auto, -s",A1_Fit1.pdf
A1 (Fit in Deutsch 1),Automat,der,otomat,-en,Nomen,Die Fahrkarte bekommst du am Automaten.,"r Automat, -en",A1_Fit1.pdf
A1 (Fit in Deutsch 1),Baby,das,bebek,-s,Nomen,Meine Schwester ist noch ein Baby.,"s Baby, -s",A1_Fit1.pdf
A1 (Fit in Deutsch 1),Bad,das,banyo,"ä, -er",Nomen,Wo ist das Bad?,"s Bad, ä, -er",A1_Fit1.pdf
A1 (Fit in Deutsch 1),Bahnhof,der,"tren istasyonu, gar","ö, -e",Nomen,Wir gehen zum Bahnhof.,"r Bahnhof, ö, -e",A1_Fit1.pdf
A1 (Fit in Deutsch 1),Bahnsteig,der,peron,-e,Nomen,Der Zug kommt auf Bahnsteig zehn an.,"r Bahnsteig, -e",A1_Fit1.pdf
A1 (Fit in Deutsch 1),bald,,yakında,,Sonstiges,Bis bald!,bald,A1_Fit1.pdf
A1 (Fit in Deutsch 1),Ball,der,top,"ä, -e",Nomen,Wir spielen mit dem Ball.,"r Ball, ä, -e",A1_Fit1.pdf
A1 (Fit in Deutsch 1),Banane,die,muz,-n,Nomen,Kann ich eine Banane haben? Ich habe Hunger.,"e Banane, -n",A1_Fit1.pdf
A1 (Fit in Deutsch 1),Band,die,müzik grubu,-s,Nomen,Die Schülerband spielt heute um 9.,"e Band, -s",A1_Fit1.pdf
A1 (Fit in Deutsch 1),Basketball,der,basketbol,"ä, -e",Nomen,Meine Hobbys sind Basketball und Musik.,"r Basketball, ä, -e",A1_Fit1.pdf
A1 (Fit in Deutsch 1),basteln,,el işi yapmak,,Sonstiges,Basteln ist mein Hobby.,basteln,A1_Fit1.pdf
A1 (Fit in Deutsch 1),Bauch,der,karın,"ä, -e",Nomen,Mein Bauch tut weh.,"r Bauch, ä, -e",A1_Fit1.pdf
A1 (Fit in Deutsch 1),Baum,der,ağaç,"ä, -e",Nomen,Die Bäume sind schon grün.,"r Baum, ä, -e",A1_Fit1.pdf
A1 (Fit in Deutsch 1),bedeuten,,anlamına gelmek,,Sonstiges,Was bedeutet das?,bedeuten,A1_Fit1.pdf
A1 (Fit in Deutsch 1),bei,,"yanında, -de",,Sonstiges,Er wohnt bei seinen Freunden./ Sie arbeitet bei Herrn Müller.,bei,A1_Fit1.pdf
A1 (Fit in Deutsch 1),beide,,"her ikisi, ikisi de",,Sonstiges,"Meine Schwester und ich, wir beide sind immer zusammen.",beide,A1_Fit1.pdf
A1 (Fit in Deutsch 1),bekommen,,"almak, elde etmek",,Sonstiges,Was bekommst du zum Geburtstag?,bekommen,A1_Fit1.pdf
A1 (Fit in Deutsch 1),Beruf,der,meslek,-e,Nomen,Was ist deine Mutter von Beruf?,"r Beruf, -e",A1_Fit1.pdf
A1 (Fit in Deutsch 1),besetzt,,"dolu, meşgul",,Sonstiges,Der Platz ist besetzt.,besetzt,A1_Fit1.pdf
A1 (Fit in Deutsch 1),besonders,,özellikle,,Sonstiges,Das finde ich besonders interessant.,besonders,A1_Fit1.pdf
A1 (Fit in Deutsch 1),besser,,daha iyi,,Sonstiges,Hoffentlich geht es dir bald besser.,besser,A1_Fit1.pdf
A1 (Fit in Deutsch 1),beste,,en iyi,,Sonstiges,"der beste Schüler, die beste Freundin, das beste Buch","r, e, s beste",A1_Fit1.pdf
A1 (Fit in Deutsch 1),besuchen,,ziyaret etmek,,Sonstiges,Im Sommer besuche ich dich.,besuchen,A1_Fit1.pdf
A1 (Fit in Deutsch 1),Bett,das,yatak,-en,Nomen,Wann gehst du ins Bett?,"s Bett, -en",A1_Fit1.pdf
A1 (Fit in Deutsch 1),bezahlen,,ödemek,,Sonstiges,Wo muss ich bezahlen?,bezahlen,A1_Fit1.pdf
A1 (Fit in Deutsch 1),Bibliothek,die,kütüphane,-en,Nomen,In der Bibliothek gibt es dreißigtausend Bücher.,"e Bibliothek, -en",A1_Fit1.pdf
A1 (Fit in Deutsch 1),billig,,ucuz,,Sonstiges,Die Brötchen sind hier billig und gut.,billig,A1_Fit1.pdf
A1 (Fit in Deutsch 1),bis,,-e kadar,,Sonstiges,Wir haben bis ein Uhr Unterricht./ Wir fahren nur bis Mannheim.,bis,A1_Fit1.pdf
A1 (Fit in Deutsch 1),bisschen,,biraz,,Sonstiges,Ich helfe dir ein bisschen.,bisschen,A1_Fit1.pdf
A1 (Fit in Deutsch 1),bitte,,lütfen,,Sonstiges,Können Sie mir bitte helfen? Bitte komm schnell!,bitte,A1_Fit1.pdf
A1 (Fit in Deutsch 1),bleiben,,kalmak,,Sonstiges,Wir bleiben zu Hause.,bleiben,A1_Fit1.pdf
A1 (Fit in Deutsch 1),Bleistift,der,kurşun kalem,-e,Nomen,Hier ist dein Bleistift.,"r Bleistift, -e",A1_Fit1.pdf
A1 (Fit in Deutsch 1),blöd,,"aptal, salak",,Sonstiges,Ich finde dich blöd!,blöd,A1_Fit1.pdf
A1 (Fit in Deutsch 1),Blume,die,çiçek,-n,Nomen,Hier sind Blumen für dich.,"e Blume, -n",A1_Fit1.pdf
A1 (Fit in Deutsch 1),Bluse,die,bluz,-n,Nomen,Ich möchte eine rote Bluse.,"e Bluse, -n",A1_Fit1.pdf
A1 (Fit in Deutsch 1),brauchen,,"ihtiyaç duymak, gerekmek",,Sonstiges,Ich brauche einen Taschenrechner.,brauchen,A1_Fit1.pdf
A1 (Fit in Deutsch 1),Brief,der,mektup,-e,Nomen,Sie bekommt immer viele Briefe.,"r Brief, -e",A1_Fit1.pdf
A1 (Fit in Deutsch 1),bringen,,getirmek,,Sonstiges,Ich bringe dir die Bücher morgen.,bringen,A1_Fit1.pdf
A1 (Fit in Deutsch 1),Brot,das,ekmek,-e,Nomen,Wir müssen auch Brot kaufen./ Bitte ein Wurstbrot.,"s Brot, -e",A1_Fit1.pdf
A1 (Fit in Deutsch 1),Brötchen,das,"küçük ekmek, sandviç ekmeği",-,Nomen,Ich esse lieber Brötchen.,"s Brötchen, -",A1_Fit1.pdf
A1 (Fit in Deutsch 1),Buch,das,kitap,"ü, er",Nomen,Die Bücher sind schon im Rucksack.,"s Buch, ü, er",A1_Fit1.pdf
A1 (Fit in Deutsch 1),Bus,der,otobüs,-se,Nomen,Sie fährt mit dem Bus.,"r Bus, -se",A1_Fit1.pdf
A1 (Fit in Deutsch 1),CD,die,CD,-s,Nomen,Wir können ihm eine CD schenken.,"e CD, -s",A1_Fit1.pdf
A1 (Fit in Deutsch 1),Comic,der,çizgi roman,-s,Nomen,Liest du gern Comics?,"r Comic, -s",A1_Fit1.pdf
A1 (Fit in Deutsch 1),Computer,der,bilgisayar,-,Nomen,Mein Computer ist schon alt.,"r Computer, -",A1_Fit1.pdf
A1 (Fit in Deutsch 1),da,,"orada, işte",,Sonstiges,Die Zeitung ist da auf dem Tisch./Ist Erika auch da?,da,A1_Fit1.pdf
A1 (Fit in Deutsch 1),Dank,der,teşekkür,(Sg.),Nomen,Vielen Dank!,r Dank (Sg.),A1_Fit1.pdf
A1 (Fit in Deutsch 1),danken,,teşekkür etmek,,Sonstiges,"Die CD ist wunderbar, ich danke dir.",danken,A1_Fit1.pdf
A1 (Fit in Deutsch 1),dann,,"sonra, o zaman",,Sonstiges,"Gib mir deine Adresse, dann schreibe ich dir!",dann,A1_Fit1.pdf
A1 (Fit in Deutsch 1),dein,,senin,-e,Sonstiges,Hier ist dein Platz. (vergl. Grammatik),"dein, -e",A1_Fit1.pdf
A1 (Fit in Deutsch 1),denken,,düşünmek,,Sonstiges,"Ich denke, die Hausaufgaben sind sehr einfach.",denken,A1_Fit1.pdf
A1 (Fit in Deutsch 1),der,,"bu, şu","die, das",Sonstiges,Möchtest du das da? (vergl. Grammatik),"der, die, das",A1_Fit1.pdf
A1 (Fit in Deutsch 1),deshalb,,"bu yüzden, bu nedenle",,Sonstiges,"Ich muss lernen, deshalb bleibe ich zu Hause.",deshalb,A1_Fit1.pdf
A1 (Fit in Deutsch 1),dick,,"şişman, kalın",,Sonstiges,Ich bin leider sehr dick.,dick,A1_Fit1.pdf
A1 (Fit in Deutsch 1),Disco,die,"disko, diskotek","-s (-thek, -en)",Nomen,Sie geht gern in die Diskothek.,"e Disco, -s (-thek, -en)",A1_Fit1.pdf
A1 (Fit in Deutsch 1),doch,,"evet, yine de",,Sonstiges,"Magst du das nicht? – Doch, es schmeckt gut.",doch,A1_Fit1.pdf
A1 (Fit in Deutsch 1),dort,,orada,,Sonstiges,Du gehst in die Stadt? Und was machst du dort?,dort,A1_Fit1.pdf
A1 (Fit in Deutsch 1),du,,sen,,Sonstiges,Wie heißt du? (vergl. Grammatik),du,A1_Fit1.pdf
A1 (Fit in Deutsch 1),dumm,,"aptal, saçma",,Sonstiges,Das finde ich dumm.,dumm,A1_Fit1.pdf
A1 (Fit in Deutsch 1),durch,,"içinden, aracılığıyla",,Sonstiges,Wir fahren durch die Stadt.,durch,A1_Fit1.pdf
A1 (Fit in Deutsch 1),Durst,der,susuzluk,(Sg.),Nomen,Hast du Durst?,r Durst (Sg.),A1_Fit1.pdf
A1 (Fit in Deutsch 1),duschen,,duş almak,,Sonstiges,"Erst dusche ich, dann gehe ich zum Frühstück.",duschen,A1_Fit1.pdf
A1 (Fit in Deutsch 1),Ei,das,yumurta,-er,Nomen,Möchtest du ein Ei zum Frühstück?,"s Ei, -er",A1_Fit1.pdf
A1 (Fit in Deutsch 1),ein,,bir,e,Sonstiges,Haben Sie ein Buch von Michael Ende? (vergl. Grammatik),"ein, e",A1_Fit1.pdf
A1 (Fit in Deutsch 1),einfach,,"basit, kolay",,Sonstiges,Du kannst ihn einfach fragen./ Die Übung ist ganz einfach.,einfach,A1_Fit1.pdf
A1 (Fit in Deutsch 1),einkaufen,,alışveriş yapmak,,Sonstiges,Wer kauft bei euch ein?,einkaufen,A1_Fit1.pdf
A1 (Fit in Deutsch 1),einladen,,davet etmek,,Sonstiges,Ich lade dich ein.,einladen,A1_Fit1.pdf
A1 (Fit in Deutsch 1),Einladung,die,"davet, davetiye",-en,Nomen,Das ist eine Einladung zur Geburtstagsparty.,"e Einladung, -en",A1_Fit1.pdf
A1 (Fit in Deutsch 1),einmal,,"bir kere, bir defa",,Sonstiges,Kannst du mir das noch einmal erklären?,einmal,A1_Fit1.pdf
A1 (Fit in Deutsch 1),Eins,die,"bir, en yüksek not",(Sg.),Nomen,In Englisch habe ich eine Eins.,e Eins (Sg.),A1_Fit1.pdf
A1 (Fit in Deutsch 1),einsteigen,,binmek,,Sonstiges,Bitte steigen Sie ein!,einsteigen,A1_Fit1.pdf
A1 (Fit in Deutsch 1),einverstanden sein,,"aynı fikirde olmak, hemfikir olmak",,Sonstiges,Bist du einverstanden?,einverstanden sein,A1_Fit1.pdf
A1 (Fit in Deutsch 1),Eis,das,dondurma,(Sg.),Nomen,Ich möchte ein großes Eis.,s Eis (Sg.),A1_Fit1.pdf
A1 (Fit in Deutsch 1),Eltern,die,"ebeveynler, anne baba",(Pl.),Nomen,Meine Eltern leben in Spanien.,e Eltern (Pl.),A1_Fit1.pdf
A1 (Fit in Deutsch 1),Ende,das,son,(Sg),Nomen,Das Ende war sehr traurig.,s Ende (Sg),A1_Fit1.pdf
A1 (Fit in Deutsch 1),endlich,,"sonunda, nihayet",,Sonstiges,Wann antwortest du endlich?,endlich,A1_Fit1.pdf
A1 (Fit in Deutsch 1),entschuldigen,,"özür dilemek, affetmek",,Sonstiges,"Bitte, entschuldigen Sie!",entschuldigen,A1_Fit1.pdf
A1 (Fit in Deutsch 1),Entschuldigung,die,"özür, mazeret",-en,Nomen,"Oh, Entschuldigung!","e Entschuldigung, -en",A1_Fit1.pdf
A1 (Fit in Deutsch 1),er,,o (erkek),,Sonstiges,Was macht er jetzt? (vergl. Grammatik),er,A1_Fit1.pdf
A1 (Fit in Deutsch 1),erklären,,açıklamak,,Sonstiges,Können Sie das bitte erklären?,erklären,A1_Fit1.pdf
A1 (Fit in Deutsch 1),r/e Erwachsene,,yetişkin,-n,Sonstiges,Dieser Film ist nur für Erwachsene.,"r/e Erwachsene, -n",A1_Fit1.pdf
A1 (Fit in Deutsch 1),erzählen,,anlatmak,,Sonstiges,Kannst du die Geschichte erzählen?,erzählen,A1_Fit1.pdf
A1 (Fit in Deutsch 1),es,,"o (nötr, cansız)",,Sonstiges,Heute ist es sehr warm./Hier gibt es auch ein altes Schloss./Wie geht es dir/Ihnen? (vergl. Grammatik),es,A1_Fit1.pdf
A1 (Fit in Deutsch 1),essen,,yemek,,Sonstiges,Was wollt ihr essen?,essen,A1_Fit1.pdf
A1 (Fit in Deutsch 1),Essen,das,yemek,-,Nomen,Wie war das Essen in Deutschland?,"s Essen, -",A1_Fit1.pdf
A1 (Fit in Deutsch 1),etwas,,"biraz, bir şey",,Sonstiges,Ich bringe dir etwas.,etwas,A1_Fit1.pdf
A1 (Fit in Deutsch 1),euer,,sizin (çoğul iyelik),,Sonstiges,Ist das euer Hund? (vergl. Grammatik),euer,A1_Fit1.pdf
A1 (Fit in Deutsch 1),Fach,das,"ders, alan","ä, -er",Nomen,Chemie ist mein Lieblingsfach.,"s Fach, ä, -er",A1_Fit1.pdf
A1 (Fit in Deutsch 1),fahren,,"gitmek, sürmek",,Sonstiges,Wohin fahrt ihr?,fahren,A1_Fit1.pdf
A1 (Fit in Deutsch 1),Fahrkarte,die,bilet,-n,Nomen,Sie brauchen eine Fahrkarte.,"e Fahrkarte, -n",A1_Fit1.pdf
A1 (Fit in Deutsch 1),Fahrplan,der,"sefer tarifesi, tarife","ä, -e",Nomen,Da ist der Fahrplan!,"r Fahrplan, ä, -e",A1_Fit1.pdf
A1 (Fit in Deutsch 1),Fahrrad,das,bisiklet,"ä, -er",Nomen,Wir kommen mit dem Fahrrad.,"s Fahrrad, ä, -er",A1_Fit1.pdf
A1 (Fit in Deutsch 1),Familie,die,aile,-n,Nomen,Er hat eine große Familie.,"e Familie, -n",A1_Fit1.pdf
A1 (Fit in Deutsch 1),Familienname,der,soyadı,-n,Nomen,Mein Familienname ist Schmidt.,"r Familienname, -n",A1_Fit1.pdf
A1 (Fit in Deutsch 1),Fehler,der,hata,-,Nomen,Ich hatte vier Fehler in der Englischarbeit.,"r Fehler, -",A1_Fit1.pdf
A1 (Fit in Deutsch 1),Fenster,das,pencere,-,Nomen,Ich möchte einen Platz am Fenster.,"s Fenster, -",A1_Fit1.pdf
A1 (Fit in Deutsch 1),Ferien,die,tatil,(Pl.),Nomen,Was macht ihr in den Ferien?,e Ferien (Pl.),A1_Fit1.pdf
A1 (Fit in Deutsch 1),fernsehen,,televizyon izlemek,,Sonstiges,Siehst du viel fern?,fernsehen,A1_Fit1.pdf
A1 (Fit in Deutsch 1),Fernsehen,das,televizyon,(Sg.),Nomen,Was gibt es heute im Fernsehen?,s Fernsehen (Sg.),A1_Fit1.pdf
A1 (Fit in Deutsch 1),fertig sein,,"hazır olmak, bitmiş olmak",,Sonstiges,Ich bin schon fertig.,fertig sein,A1_Fit1.pdf
A1 (Fit in Deutsch 1),Film,der,film,-e,Nomen,Wie war der Film?,"r Film, -e",A1_Fit1.pdf
A1 (Fit in Deutsch 1),finden,,"bulmak, düşünmek",,Sonstiges,Ich kann die Zeitung nicht finden./ Ich finde deinen Pullover schön.,finden,A1_Fit1.pdf
A1 (Fit in Deutsch 1),Fisch,der,balık,-e,Nomen,Ich mag keinen Fisch.,"r Fisch, -e",A1_Fit1.pdf
A1 (Fit in Deutsch 1),Flasche,die,şişe,-n,Nomen,Bitte eine Flasche Mineralwasser.,"e Flasche, -n",A1_Fit1.pdf
A1 (Fit in Deutsch 1),Fleisch,das,et,(Sg.),Nomen,Ich esse kein Fleisch.,s Fleisch (Sg.),A1_Fit1.pdf
A1 (Fit in Deutsch 1),fliegen,,uçmak,,Sonstiges,Wir fliegen nach Athen.,fliegen,A1_Fit1.pdf
A1 (Fit in Deutsch 1),Flughafen,der,"havaalanı, havalimanı","ä, -",Nomen,Wir müssen um sieben Uhr am Flughafen sein.,"r Flughafen, ä, -",A1_Fit1.pdf
A1 (Fit in Deutsch 1),Flugzeug,das,uçak,-e,Nomen,Im Flugzeug hatte meine Mutter Angst.,"s Flugzeug, -e",A1_Fit1.pdf
A1 (Fit in Deutsch 1),Fluss,der,"nehir, ırmak","ü, -e",Nomen,Der Rhein ist ein großer Fluss.,"r Fluss, ü, -e",A1_Fit1.pdf
A1 (Fit in Deutsch 1),Foto,das,fotoğraf,-s,Nomen,Auf dem Foto bin ich mit meinem Hund.,"s Foto, -s",A1_Fit1.pdf
A1 (Fit in Deutsch 1),Fotoapparat,der,fotoğraf makinesi,-e,Nomen,Sie hat einen teuren Fotoapparat.,"r Fotoapparat, -e",A1_Fit1.pdf
A1 (Fit in Deutsch 1),fragen,,sormak,,Sonstiges,Ich möchte etwas fragen.,fragen,A1_Fit1.pdf
A1 (Fit in Deutsch 1),Frage,die,soru,-n,Nomen,Wiederholen Sie bitte die Frage.,"e Frage, -n",A1_Fit1.pdf
A1 (Fit in Deutsch 1),Frau,die,"kadın, bayan",-en,Nomen,Siehst du die Frau dort? Das ist Frau Bergner.,"e Frau, -en",A1_Fit1.pdf
A1 (Fit in Deutsch 1),frei,,"boş, serbest",,Sonstiges,Ist der Platz frei?,frei,A1_Fit1.pdf
A1 (Fit in Deutsch 1),Freund,der,"arkadaş, erkek arkadaş",-e,Nomen,Mein bester Freund heißt Ivan.,"r Freund, -e",A1_Fit1.pdf
A1 (Fit in Deutsch 1),Freundin,die,"kız arkadaş, arkadaş",-nen,Nomen,Ich habe viele Freundinnen.,"e Freundin, -nen",A1_Fit1.pdf
A1 (Fit in Deutsch 1),freundlich,,"arkadaş canlısı, güler yüzlü",,Sonstiges,Der Schuldirektor war sehr freundlich.,freundlich,A1_Fit1.pdf
A1 (Fit in Deutsch 1),froh,,"mutlu, sevinçli",,Sonstiges,Frohe Weihnachten!,froh,A1_Fit1.pdf
A1 (Fit in Deutsch 1),früh,,erken,,Sonstiges,Wir stehen immer früh auf.,früh,A1_Fit1.pdf
A1 (Fit in Deutsch 1),Frühstück,das,kahvaltı,(Sg.),Nomen,Zum Frühstück trinke ich Milch.,s Frühstück (Sg.),A1_Fit1.pdf
A1 (Fit in Deutsch 1),frühstücken,,kahvaltı yapmak,,Sonstiges,Wir frühstücken nicht zusammen.,frühstücken,A1_Fit1.pdf
A1 (Fit in Deutsch 1),für,,için,,Sonstiges,Ich kaufe einen Comic für meine Schwester.,für,A1_Fit1.pdf
A1 (Fit in Deutsch 1),Fuß,der,ayak,"ü, -e",Nomen,Mein Fuß tut weh./Wir gehen zu Fuß.,"r Fuß, ü, -e",A1_Fit1.pdf
A1 (Fit in Deutsch 1),Fußball,der,futbol,"ä, -e",Nomen,Am Nachmittag spielen wir Fußball.,"r Fußball, ä, -e",A1_Fit1.pdf
A1 (Fit in Deutsch 1),Garten,der,bahçe,"ä, -",Nomen,Wir suchen ein Haus mit Garten.,"r Garten, ä, -",A1_Fit1.pdf
A1 (Fit in Deutsch 1),geben,,"vermek, bulunmak",,Sonstiges,Geben Sie mir bitte zwei Fahrkarten./ Was gibt es heute im Fernsehen?/ Gibt es hier auch ein Theater?,geben,A1_Fit1.pdf
A1 (Fit in Deutsch 1),geboren,,doğmuş,,Sonstiges,Wo bist du geboren?,geboren,A1_Fit1.pdf
A1 (Fit in Deutsch 1),Geburtstag,der,doğum günü,-e,Nomen,Heute ist mein Geburtstag.,"r Geburtstag, -e",A1_Fit1.pdf
A1 (Fit in Deutsch 1),gefallen,,"hoşuna gitmek, beğenilmek",,Sonstiges,Das gefällt mir nicht.,gefallen,A1_Fit1.pdf
A1 (Fit in Deutsch 1),gehen,,gitmek,,Sonstiges,Wohin wollt ihr gehen?/Wie geht es dir?,gehen,A1_Fit1.pdf
A1 (Fit in Deutsch 1),Geld,das,para,(Sg.),Nomen,Ich habe nicht genug Geld.,s Geld (Sg.),A1_Fit1.pdf
A1 (Fit in Deutsch 1),Gemüse,das,sebze,(Sg.),Nomen,Ich esse sehr gern Gemüse.,s Gemüse (Sg.),A1_Fit1.pdf
A1 (Fit in Deutsch 1),gemütlich,,"rahat, keyifli, huzurlu",,Sonstiges,Mein Zimmer ist gemütlich.,gemütlich,A1_Fit1.pdf
A1 (Fit in Deutsch 1),genug,,"yeterli, yeterince",,Sonstiges,Das ist genug.,genug,A1_Fit1.pdf
A1 (Fit in Deutsch 1),Gepäck,das,bagaj,(Sg.),Nomen,Das ist nicht mein Gepäck.,s Gepäck (Sg.),A1_Fit1.pdf
A1 (Fit in Deutsch 1),gerade,,"şu anda, tam şimdi",,Sonstiges,Was machst du gerade?,gerade,A1_Fit1.pdf
A1 (Fit in Deutsch 1),geradeaus,,"doğru, dümdüz",,Sonstiges,"Gehen Sie hier geradeaus, dann sehen Sie das Rathaus.",geradeaus,A1_Fit1.pdf
A1 (Fit in Deutsch 1),gern,,"severek, memnuniyetle",,Sonstiges,Wir sehen gern Krimis.,gern,A1_Fit1.pdf
A1 (Fit in Deutsch 1),Geschäft,das,"dükkân, mağaza",-e,Nomen,Meine Mutter wartet vor dem Geschäft.,"s Geschäft, -e",A1_Fit1.pdf
A1 (Fit in Deutsch 1),Geschenk,das,hediye,-e,Nomen,Hier ist ein Geschenk für dich.,"s Geschenk, -e",A1_Fit1.pdf
A1 (Fit in Deutsch 1),Geschichte,die,"hikâye, tarih",-n,Nomen,Kennst du die Geschichte?/In Geschichte hat er eine Eins.,"e Geschichte, -n",A1_Fit1.pdf
A1 (Fit in Deutsch 1),geschlossen sein,,kapalı olmak,,Sonstiges,Die Apotheke ist heute geschlossen.,geschlossen sein,A1_Fit1.pdf
A1 (Fit in Deutsch 1),gestern,,dün,,Sonstiges,Gestern war Sonntag.,gestern,A1_Fit1.pdf
A1 (Fit in Deutsch 1),gewinnen,,kazanmak,,Sonstiges,Man kann eine Reise gewinnen.,gewinnen,A1_Fit1.pdf
A1 (Fit in Deutsch 1),Glas,das,"bardak, cam","ä, -er",Nomen,Bitte ein Glas Cola.,"s Glas, ä, -er",A1_Fit1.pdf
A1 (Fit in Deutsch 1),glauben,,"sanmak, inanmak, düşünmek",,Sonstiges,"Ich glaube, Karin spricht sehr gut Englisch.",glauben,A1_Fit1.pdf
A1 (Fit in Deutsch 1),gleich,,"hemen, aynı",,Sonstiges,Er kommt gleich./Das ist mir gleich.,gleich,A1_Fit1.pdf
A1 (Fit in Deutsch 1),Gleis,das,"peron, ray",-e,Nomen,Der Zug kommt auf Gleis vier an.,"s Gleis, -e",A1_Fit1.pdf
A1 (Fit in Deutsch 1),Glück,das,"şans, mutluluk",(Sg.),Nomen,Viel Glück!/Hoffentlich hast du Glück.,s Glück (Sg.),A1_Fit1.pdf
A1 (Fit in Deutsch 1),glücklich,,mutlu,,Sonstiges,Ich war in Deutschland sehr glücklich.,glücklich,A1_Fit1.pdf
A1 (Fit in Deutsch 1),Glückwunsch,der,tebrik,"ü, -e",Nomen,Herzlichen Glückwunsch!,"r Glückwunsch, ü, -e",A1_Fit1.pdf
A1 (Fit in Deutsch 1),groß,,büyük,,Sonstiges,Unser Haus ist groß.,groß,A1_Fit1.pdf
A1 (Fit in Deutsch 1),Großeltern,die,büyükanne ve büyükbaba,(Pl.),Nomen,Meine Großeltern wohnen nicht bei uns.,e Großeltern (Pl.),A1_Fit1.pdf
A1 (Fit in Deutsch 1),Gruß,der,selam,"ü, -e",Nomen,Viele Grüße von Angelika.,"r Gruß, ü, -e",A1_Fit1.pdf
A1 (Fit in Deutsch 1),gut,,iyi,,Sonstiges,Das Essen ist hier immer sehr gut./Ich finde deine Idee nicht so gut.,gut,A1_Fit1.pdf
A1 (Fit in Deutsch 1),Haar,das,saç,-e,Nomen,Sie hat lange Haare.,"s Haar, -e",A1_Fit1.pdf
A1 (Fit in Deutsch 1),haben,,sahip olmak,,Sonstiges,Wir haben einen Hund und zwei Katzen.,haben,A1_Fit1.pdf
A1 (Fit in Deutsch 1),hallo,,merhaba,,Sonstiges,Hallo! Bist du Michael Schmidt?,hallo,A1_Fit1.pdf
A1 (Fit in Deutsch 1),Hals,der,boyun,"ä, -e",Nomen,Mein Hals tut so weh!,"r Hals, ä, -e",A1_Fit1.pdf
A1 (Fit in Deutsch 1),halten,,"durmak, tutmak",,Sonstiges,Alle Busse halten hier.,halten,A1_Fit1.pdf
A1 (Fit in Deutsch 1),Haltestelle,die,durak,-n,Nomen,Da ist die Haltestelle.,"e Haltestelle, -n",A1_Fit1.pdf
A1 (Fit in Deutsch 1),Handy,das,cep telefonu,-s,Nomen,Du kannst mit dem Handy telefonieren.,"s Handy, -s",A1_Fit1.pdf
A1 (Fit in Deutsch 1),Haus,das,ev,"ä, -er",Nomen,Ich bin zu Haus./Ich gehe nach Haus./ Da ist unser Haus.,"s Haus, ä, -er",A1_Fit1.pdf
A1 (Fit in Deutsch 1),Hausaufgabe,die,ev ödevi,-n,Nomen,Wir machen zusammen Hausaufgaben.,"e Hausaufgabe, -n",A1_Fit1.pdf
A1 (Fit in Deutsch 1),Heft,das,defter,-e,Nomen,Schreibt die Übung ins Heft.,"s Heft, -e",A1_Fit1.pdf
A1 (Fit in Deutsch 1),heiraten,,evlenmek,,Sonstiges,Nächste Woche heiratet meine Schwester.,heiraten,A1_Fit1.pdf
A1 (Fit in Deutsch 1),heißen,,"adı olmak, denmek",,Sonstiges,Wie heißt du?,heißen,A1_Fit1.pdf
A1 (Fit in Deutsch 1),helfen,,yardım etmek,,Sonstiges,Hilf mir bitte!,helfen,A1_Fit1.pdf
A1 (Fit in Deutsch 1),Herr,der,"bay, efendi",-en,Nomen,Sind Sie Herr Braunmüller?,r Herr; -en,A1_Fit1.pdf
A1 (Fit in Deutsch 1),herzlich,,"içten, samimi",,Sonstiges,Herzliche Grüße von Michael.,herzlich,A1_Fit1.pdf
A1 (Fit in Deutsch 1),heute,,bugün,,Sonstiges,Heute kommt meine Freundin aus Italien.,heute,A1_Fit1.pdf
A1 (Fit in Deutsch 1),hier,,burada,,Sonstiges,Wir wohnen hier.,hier,A1_Fit1.pdf
A1 (Fit in Deutsch 1),Hobby,das,hobi,-s,Nomen,Meine Hobbys sind Lesen und Tanzen.,"s Hobby, -s",A1_Fit1.pdf
A1 (Fit in Deutsch 1),Hochzeit,die,düğün,-en,Nomen,Die Hochzeit war sehr langweilig.,"e Hochzeit, -en",A1_Fit1.pdf
A1 (Fit in Deutsch 1),hoffen,,ummak,,Sonstiges,"Ich hoffe, du antwortest bald.",hoffen,A1_Fit1.pdf
A1 (Fit in Deutsch 1),hoffentlich,,umarım,,Sonstiges,Hoffentlich kommt er mit.,hoffentlich,A1_Fit1.pdf
A1 (Fit in Deutsch 1),hören,,"duymak, dinlemek",,Sonstiges,Hörst du gern Musik?,hören,A1_Fit1.pdf
A1 (Fit in Deutsch 1),hübsch,,"güzel, hoş",,Sonstiges,Ich finde sie wirklich hübsch.,hübsch,A1_Fit1.pdf
A1 (Fit in Deutsch 1),Hund,der,köpek,-e,Nomen,Hast du einen Hund?,"r Hund, -e",A1_Fit1.pdf
A1 (Fit in Deutsch 1),Hunger,der,açlık,(Sg.),Nomen,Wir haben Hunger.,r Hunger (Sg.),A1_Fit1.pdf
A1 (Fit in Deutsch 1),ich,,ben,,Sonstiges,Ich wohne in Berlin. (vergl. Grammatik),ich,A1_Fit1.pdf
A1 (Fit in Deutsch 1),Idee,die,fikir,-n,Nomen,Das ist eine tolle Idee.,"e Idee, -n",A1_Fit1.pdf
A1 (Fit in Deutsch 1),Ihr,,sizin,-e,Sonstiges,Ist das Ihr Hund/Ihre Katze?,"Ihr, -e",A1_Fit1.pdf
A1 (Fit in Deutsch 1),immer,,her zaman,,Sonstiges,Mathe ist immer so langweilig.,immer,A1_Fit1.pdf
A1 (Fit in Deutsch 1),in,,"içinde, -de/-da",,Sonstiges,In Spanien/in der Stadt/ins Schwimmbad/ in den Wald/in den Ferien/im Sommer,in,A1_Fit1.pdf
A1 (Fit in Deutsch 1),Information,die,bilgi,-en,Nomen,Hier kann man Informationen bekommen.,"e Information, -en",A1_Fit1.pdf
A1 (Fit in Deutsch 1),Insel,die,ada,-n,Nomen,Rügen ist eine Insel.,"e Insel, -n",A1_Fit1.pdf
A1 (Fit in Deutsch 1),interessant,,ilginç,,Sonstiges,Das Buch ist interessant.,interessant,A1_Fit1.pdf
A1 (Fit in Deutsch 1),Internet,das,internet,(Sg.),Nomen,Wir suchen die Informationen im Internet.,s Internet (Sg.),A1_Fit1.pdf
A1 (Fit in Deutsch 1),ja,,evet,,Sonstiges,"Kommst du mit? - Ja, gern.",ja,A1_Fit1.pdf
A1 (Fit in Deutsch 1),Jacke,die,ceket,-n,Nomen,"Du brauchst eine Jacke, es ist kalt.","e Jacke, -n",A1_Fit1.pdf
A1 (Fit in Deutsch 1),Jeans,die,"kot pantolon, kot",(Pl.),Nomen,Sie trägt heute Jeans und ein Hemd.,e Jeans (Pl.),A1_Fit1.pdf
A1 (Fit in Deutsch 1),jeder,,her,"-e, -s",Sonstiges,Wir fahren jeden Sommer nach München.,"jeder,-e, -s",A1_Fit1.pdf
A1 (Fit in Deutsch 1),jetzt,,şimdi,,Sonstiges,Das ist jetzt nicht mehr wichtig.,jetzt,A1_Fit1.pdf
A1 (Fit in Deutsch 1),r/e Jugendliche,,genç,-n,Sonstiges,Ist das ein Film für Jugendliche?,"r/e Jugendliche, -n",A1_Fit1.pdf
A1 (Fit in Deutsch 1),jung,,genç,,Sonstiges,Meine Eltern sind noch jung.,jung,A1_Fit1.pdf
A1 (Fit in Deutsch 1),Junge,der,"erkek çocuk, oğlan",-n,Nomen,Der Junge ist neu in unserer Klasse.,"r Junge, -n",A1_Fit1.pdf
A1 (Fit in Deutsch 1),Kaffee,der,kahve,(Sg.),Nomen,Möchtest du eine Tasse Kaffee?,r Kaffee (Sg.),A1_Fit1.pdf
A1 (Fit in Deutsch 1),Kakao,der,kakao,(Sg.),Nomen,Ich trinke lieber Kakao.,r Kakao (Sg.),A1_Fit1.pdf
A1 (Fit in Deutsch 1),Kamera,die,"kamera, fotoğraf makinesi",-s,Nomen,Ich zeige dir meine neue Digitalkamera.,"e Kamera, -s",A1_Fit1.pdf
A1 (Fit in Deutsch 1),kalt,,soğuk,,Sonstiges,Heute ist es sehr kalt./Mir ist kalt.,kalt,A1_Fit1.pdf
A1 (Fit in Deutsch 1),kaputt,,"bozuk, kırık",,Sonstiges,Das Radio ist kaputt.,kaputt,A1_Fit1.pdf
A1 (Fit in Deutsch 1),Karte,die,"kart, harita",-n,Nomen,Wir können unsren Freunden eine Karte schicken.,"e Karte, -n",A1_Fit1.pdf
A1 (Fit in Deutsch 1),Kartoffel,die,patates,-n,Nomen,Ich möchte keine Kartoffeln.,"e Kartoffel, -n",A1_Fit1.pdf
A1 (Fit in Deutsch 1),Käse,der,peynir,(Sg.),Nomen,Bitte ein Brötchen mit Käse.,r Käse (Sg.),A1_Fit1.pdf
A1 (Fit in Deutsch 1),Katze,die,kedi,-n,Nomen,"Das ist Timmy, meine Katze.","e Katze, -n",A1_Fit1.pdf
A1 (Fit in Deutsch 1),kaufen,,"satın almak, almak",,Sonstiges,Ich möchte einen CD-Player kaufen.,kaufen,A1_Fit1.pdf
A1 (Fit in Deutsch 1),kein,,"hiç, hiçbir",-e,Sonstiges,Ich habe keine Lust.,"kein, -e",A1_Fit1.pdf
A1 (Fit in Deutsch 1),kennen,,"tanımak, bilmek",,Sonstiges,Kennst du Manuela?,kennen,A1_Fit1.pdf
A1 (Fit in Deutsch 1),kennenlernen,,tanışmak,,Sonstiges,Möchtest du meine Freunde kennenlernen?,kennenlernen,A1_Fit1.pdf
A1 (Fit in Deutsch 1),Kind,das,çocuk,-er,Nomen,Die Kinder sind noch in der Schule.,"s Kind, -er",A1_Fit1.pdf
A1 (Fit in Deutsch 1),Kino,das,sinema,-s,Nomen,Geht ihr ins Kino?,"s Kino, -s",A1_Fit1.pdf
A1 (Fit in Deutsch 1),Kiosk,der,"büfe, kulübe",-e,Nomen,Am Kiosk bekommt man Zeitungen und Eis.,"r Kiosk,-e",A1_Fit1.pdf
A1 (Fit in Deutsch 1),klar,,"tabii, elbette, açık",,Sonstiges,Können wir das mitnehmen? Na klar!,klar,A1_Fit1.pdf
A1 (Fit in Deutsch 1),Klasse,die,sınıf,-n,Nomen,In unserer Klasse sind 25 Teilnehmende.,"e Klasse, -n",A1_Fit1.pdf
A1 (Fit in Deutsch 1),Klassenarbeit,die,"sınav, yazılı sınav",-en,Nomen,"Ich muss lernen, morgen schreiben wir eine Klassenarbeit.","e Klassenarbeit, -en",A1_Fit1.pdf
A1 (Fit in Deutsch 1),Klavier,das,piyano,-e,Nomen,Spielst du auch Klavier?,"s Klavier, -e",A1_Fit1.pdf
A1 (Fit in Deutsch 1),Kleid,das,elbise,-er,Nomen,Das Kleid ist sehr teuer.,"s Kleid, -er",A1_Fit1.pdf
A1 (Fit in Deutsch 1),klein,,küçük,,Sonstiges,Mein Zimmer ist klein.,klein,A1_Fit1.pdf
A1 (Fit in Deutsch 1),kochen,,"pişirmek, yemek yapmak",,Sonstiges,Mein Vater kocht für uns.,kochen,A1_Fit1.pdf
A1 (Fit in Deutsch 1),kommen,,gelmek,,Sonstiges,Ich komme aus Polen./Warum willst du nicht mitkommen?,kommen,A1_Fit1.pdf
A1 (Fit in Deutsch 1),können,,"yapabilmek, bilmek",,Sonstiges,Er kann gut kochen.,können,A1_Fit1.pdf
A1 (Fit in Deutsch 1),Kopf,der,"baş, kafa","ö, -e",Nomen,Mein Kopf tut weh.,"r Kopf, ö, -e",A1_Fit1.pdf
A1 (Fit in Deutsch 1),kosten,,"mal olmak, fiyatı olmak",,Sonstiges,Das kostet 20 Euro.,kosten,A1_Fit1.pdf
A1 (Fit in Deutsch 1),krank,,hasta,,Sonstiges,Ich war gestern krank.,krank,A1_Fit1.pdf
A1 (Fit in Deutsch 1),Krankenhaus,das,hastane,"ä, -er",Nomen,Meine Freundin ist im Krankenhaus.,"s Krankenhaus, ä, -er",A1_Fit1.pdf
A1 (Fit in Deutsch 1),Kuchen,der,"kek, pasta",-,Nomen,Ich mag keinen Kuchen.,"r Kuchen, -",A1_Fit1.pdf
A1 (Fit in Deutsch 1),Küche,die,mutfak,-n,Nomen,Wir frühstücken in der Küche.,"e Küche, -n",A1_Fit1.pdf
A1 (Fit in Deutsch 1),Kühlschrank,der,buzdolabı,"ä, -e",Nomen,Im Kühlschrank ist Limonade.,"r Kühlschrank, ä, -e",A1_Fit1.pdf
A1 (Fit in Deutsch 1),Kugelschreiber,der,tükenmez kalem,-,Nomen,Wo ist mein Kugelschreiber?,"r Kugelschreiber, -",A1_Fit1.pdf
A1 (Fit in Deutsch 1),Kurs,der,kurs,-e,Nomen,In den Ferien mache ich einen Englischkurs.,"r Kurs, -e",A1_Fit1.pdf
A1 (Fit in Deutsch 1),kurz,,kısa,,Sonstiges,Seine Haare sind kurz.,kurz,A1_Fit1.pdf
A1 (Fit in Deutsch 1),lachen,,gülmek,,Sonstiges,Lisa lacht immer viel.,lachen,A1_Fit1.pdf
A1 (Fit in Deutsch 1),Lampe,die,lamba,-n,Nomen,Die Lampe ist kaputt.,"e Lampe, -n",A1_Fit1.pdf
A1 (Fit in Deutsch 1),Land,das,"ülke, kara","ä, -er",Nomen,Österreich ist ein kleines Land.,"s Land, ä, -er",A1_Fit1.pdf
A1 (Fit in Deutsch 1),lang,,uzun,,Sonstiges,Das Kleid ist zu kurz.,lang,A1_Fit1.pdf
A1 (Fit in Deutsch 1),lange,,"uzun süre, uzun zamandır",,Sonstiges,Wartest du schon lange?/Ich bin schon lange hier.,lange,A1_Fit1.pdf
A1 (Fit in Deutsch 1),langsam,,yavaş,,Sonstiges,"Sprich langsam, ich verstehe dich nicht.",langsam,A1_Fit1.pdf
A1 (Fit in Deutsch 1),langweilig,,sıkıcı,,Sonstiges,Physik ist langweilig.,langweilig,A1_Fit1.pdf
A1 (Fit in Deutsch 1),lassen,,bırakmak,,Sonstiges,Ihr könnt die Bücher zu Hause lassen.,lassen,A1_Fit1.pdf
A1 (Fit in Deutsch 1),laufen,,"koşmak, yürümek",,Sonstiges,Wir laufen schnell nach Hause.,laufen,A1_Fit1.pdf
A1 (Fit in Deutsch 1),leben,,yaşamak,,Sonstiges,Er lebt in Berlin.,leben,A1_Fit1.pdf
A1 (Fit in Deutsch 1),leicht,,"kolay, hafif",,Sonstiges,Die Hausaufgaben sind leicht.,leicht,A1_Fit1.pdf
A1 (Fit in Deutsch 1),leid,,üzgün,,Sonstiges,Es tut mir leid.,leid,A1_Fit1.pdf
A1 (Fit in Deutsch 1),leider,,"maalesef, ne yazık ki",,Sonstiges,Ich kann leider nicht kommen.,leider,A1_Fit1.pdf
A1 (Fit in Deutsch 1),lernen,,"öğrenmek, çalışmak",,Sonstiges,"Ich komme nicht mit, ich muss noch Vokabeln lernen./ Karin lernt Tennis spielen.",lernen,A1_Fit1.pdf
A1 (Fit in Deutsch 1),lesen,,okumak,,Sonstiges,Ich lese viel.,lesen,A1_Fit1.pdf
A1 (Fit in Deutsch 1),Leute,die,insanlar,(Pl.),Nomen,In unserem Haus wohnen viele Leute.,e Leute (Pl.),A1_Fit1.pdf
A1 (Fit in Deutsch 1),lieb,,"sevgili, sevimli",,Sonstiges,Lieber Franz!/Meine Lehrerin ist sehr lieb.,lieb,A1_Fit1.pdf
A1 (Fit in Deutsch 1),lieben,,sevmek,,Sonstiges,Ich liebe meinen Hund Toby.,lieben,A1_Fit1.pdf
A1 (Fit in Deutsch 1),lieber,,"tercihen, daha çok",,Sonstiges,Ich möchte lieber ein Eis.,lieber,A1_Fit1.pdf
A1 (Fit in Deutsch 1),Lieblings-,,"favori, en sevilen",,Sonstiges,Mein Lieblingsfach ist Sozialkunde.,Lieblings-,A1_Fit1.pdf
A1 (Fit in Deutsch 1),links,,"sol, solda",,Sonstiges,"Gehen Sie hier geradeaus, dann sehen Sie links den Bahnhof.",links,A1_Fit1.pdf
A1 (Fit in Deutsch 1),Lust,die,"istek, keyif",(Sg.),Nomen,Ich habe keine Lust.,e Lust (Sg.),A1_Fit1.pdf
A1 (Fit in Deutsch 1),lustig,,"komik, eğlenceli",,Sonstiges,Jan ist nett und lustig.,lustig,A1_Fit1.pdf
A1 (Fit in Deutsch 1),machen,,yapmak,,Sonstiges,"Am Samstag machen wir einen Ausflug./ Das macht nichts./Das macht 4,00 Euro.",machen,A1_Fit1.pdf
A1 (Fit in Deutsch 1),Mädchen,das,"kız, kız çocuk",-,Nomen,Die Mädchen spielen auch Fußball.,"s Mädchen, -",A1_Fit1.pdf
A1 (Fit in Deutsch 1),Mail,die,e-posta,-s,Nomen,Danke für deine Mail.,"e Mail, -s",A1_Fit1.pdf
A1 (Fit in Deutsch 1),Mal,das,"kez, defa",-e,Nomen,Ich war zwei Mal in England./Bis zum nächsten Mal!,"s Mal, -e",A1_Fit1.pdf
A1 (Fit in Deutsch 1),man,,insan,,Sonstiges,Hier kann man auch Eis essen.,man,A1_Fit1.pdf
A1 (Fit in Deutsch 1),manchmal,,bazen,,Sonstiges,Ich bin manchmal sehr traurig.,manchmal,A1_Fit1.pdf
A1 (Fit in Deutsch 1),Mann,der,"erkek, adam","ä, -er",Nomen,Ein Mann geht mit seinem Hund spazieren.,"r Mann, ä, -er",A1_Fit1.pdf
A1 (Fit in Deutsch 1),Mantel,der,palto,"ä, -",Nomen,Er trägt einen Mantel.,"r Mantel, ä, -",A1_Fit1.pdf
A1 (Fit in Deutsch 1),Markt,der,"pazar, çarşı","ä, -e",Nomen,Heute ist hier Markt.,"r Markt, ä, -e",A1_Fit1.pdf
A1 (Fit in Deutsch 1),Marktplatz,der,pazar yeri,"ä, -e",Nomen,Der Bus fährt zum Marktplatz.,"r Marktplatz, ä, -e",A1_Fit1.pdf
A1 (Fit in Deutsch 1),Marmelade,die,reçel,-n,Nomen,Ich esse Brot mit Marmelade.,"e Marmelade, -n",A1_Fit1.pdf
A1 (Fit in Deutsch 1),mehr,,"daha fazla, artık",,Sonstiges,Ich habe kein Geld mehr./Du musst mir noch mehr erzählen.,mehr,A1_Fit1.pdf
A1 (Fit in Deutsch 1),mein,,benim,-e,Sonstiges,Meine Freundin heißt Gaby. (vergl. Grammatik),"mein, -e",A1_Fit1.pdf
A1 (Fit in Deutsch 1),Milch,die,süt,(Sg.),Nomen,Ich mag keine Milch.,e Milch (Sg.),A1_Fit1.pdf
A1 (Fit in Deutsch 1),mindestens,,en az,,Sonstiges,Schreibe mindestens 30 Wörter./ Das kostet mindestens 10 Euro.,mindestens,A1_Fit1.pdf
A1 (Fit in Deutsch 1),Mineralwasser,das,maden suyu,"ä, -",Nomen,Haben Sie auch Mineralwasser?,"s Mineralwasser, ä, -",A1_Fit1.pdf
A1 (Fit in Deutsch 1),mit,,"ile, birlikte",,Sonstiges,Ich spiele mit Andrea./Er fährt mit dem Bus.,mit,A1_Fit1.pdf
A1 (Fit in Deutsch 1),mitbringen,,beraberinde getirmek,,Sonstiges,Was bringst du mit?,mitbringen,A1_Fit1.pdf
A1 (Fit in Deutsch 1),mitkommen,,birlikte gelmek,,Sonstiges,Kommst du auch mit?,mitkommen,A1_Fit1.pdf
A1 (Fit in Deutsch 1),mitmachen,,katılmak,,Sonstiges,"Komm, mach mit!",mitmachen,A1_Fit1.pdf
A1 (Fit in Deutsch 1),mitnehmen,,"yanına almak, beraberinde götürmek",,Sonstiges,Was nehmen wir zu der Party mit?,mitnehmen,A1_Fit1.pdf
A1 (Fit in Deutsch 1),mögen,,"hoşlanmak, sevmek, istemek",,Sonstiges,Ich mag gern Spaghetti und Fleisch.,mögen,A1_Fit1.pdf
A1 (Fit in Deutsch 1),möglich,,mümkün,,Sonstiges,"Ich kann nicht kommen, es ist leider nicht möglich.",möglich,A1_Fit1.pdf
A1 (Fit in Deutsch 1),morgen,,yarın,,Sonstiges,Wir gehen morgen ins Schwimmbad.,morgen,A1_Fit1.pdf
A1 (Fit in Deutsch 1),müde,,yorgun,,Sonstiges,Bist du sehr müde?,müde,A1_Fit1.pdf
A1 (Fit in Deutsch 1),Musik,die,müzik,(Sg.),Nomen,Ich höre gern Disco-Musik.,e Musik (Sg.),A1_Fit1.pdf
A1 (Fit in Deutsch 1),müssen,,"zorunda olmak, gerekmek",,Sonstiges,Mein Zimmer muss ich allein aufräumen.,müssen,A1_Fit1.pdf
A1 (Fit in Deutsch 1),nach,,"-e doğru, sonra",,Sonstiges,Sie fährt mit dem Bus nach Berlin.,nach,A1_Fit1.pdf
A1 (Fit in Deutsch 1),Nachricht,die,"haber, mesaj",-en,Nomen,Du hörst die Nachricht noch einmal./ Das ist eine gute Nachricht.,"e Nachricht, -en",A1_Fit1.pdf
A1 (Fit in Deutsch 1),nächste,,"gelecek, bir sonraki",,Sonstiges,Nächsten Monat bekommen wir Zeugnisse.,"r, e, s nächste",A1_Fit1.pdf
A1 (Fit in Deutsch 1),Name,der,"isim, ad",-n,Nomen,Mein Name ist Peter Niemöller.,"r Name, -n",A1_Fit1.pdf
A1 (Fit in Deutsch 1),nehmen,,almak,,Sonstiges,Nehmen Sie den Bus zum Marktplatz.,nehmen,A1_Fit1.pdf
A1 (Fit in Deutsch 1),nein,,hayır,,Sonstiges,"Kommst du mit? - Nein, leider nicht.",nein,A1_Fit1.pdf
A1 (Fit in Deutsch 1),nett,,"kibar, hoş",,Sonstiges,"Ich finde, sie ist nett und lustig.",nett,A1_Fit1.pdf
A1 (Fit in Deutsch 1),neu,,yeni,,Sonstiges,Ist der Computer neu?,neu,A1_Fit1.pdf
A1 (Fit in Deutsch 1),nicht,,değil,,Sonstiges,Ich kann dich nicht verstehen.,nicht,A1_Fit1.pdf
A1 (Fit in Deutsch 1),nichts,,hiçbir şey,,Sonstiges,Ich möchte nichts essen./Das macht nichts.,nichts,A1_Fit1.pdf
A1 (Fit in Deutsch 1),nie,,"asla, hiç",,Sonstiges,Ich war noch nie in Frankreich.,nie,A1_Fit1.pdf
A1 (Fit in Deutsch 1),niemand,,hiç kimse,,Sonstiges,Kann mir niemand helfen?,niemand,A1_Fit1.pdf
A1 (Fit in Deutsch 1),noch,,"hâlâ, henüz",,Sonstiges,Ich muss noch Hausaufgaben machen.,noch,A1_Fit1.pdf
A1 (Fit in Deutsch 1),normal,,normal,,Sonstiges,Eine ganz normale Situation.,normal,A1_Fit1.pdf
A1 (Fit in Deutsch 1),Note,die,not,-n,Nomen,Hast du gute Noten in Englisch?,"e Note, -n",A1_Fit1.pdf
A1 (Fit in Deutsch 1),Nummer,die,numara,-n,Nomen,"Bitte, sag mir deine Telefonnummer./ Welche Hausnummer hast du?","e Nummer, -n",A1_Fit1.pdf
A1 (Fit in Deutsch 1),nur,,sadece,,Sonstiges,Ich möchte nur ein Glas Wasser.,nur,A1_Fit1.pdf
A1 (Fit in Deutsch 1),Obst,das,meyve,(Sg.),Nomen,Wir essen immer viel Obst.,s Obst (Sg.),A1_Fit1.pdf
A1 (Fit in Deutsch 1),oder,,"veya, ya da",,Sonstiges,Trinkst du Tee oder Kaffee?,oder,A1_Fit1.pdf
A1 (Fit in Deutsch 1),offen,,açık,,Sonstiges,Jetzt ist die Tür offen.,offen,A1_Fit1.pdf
A1 (Fit in Deutsch 1),oft,,sık sık,,Sonstiges,Wir gehen oft im Park spazieren.,oft,A1_Fit1.pdf
A1 (Fit in Deutsch 1),ohne,,"-siz, olmadan",,Sonstiges,Ein Sonntag ohne meine Freunde ist langweilig.,ohne,A1_Fit1.pdf
A1 (Fit in Deutsch 1),Ohrring,der,küpe,-e,Nomen,Sie trägt einen kleinen Ohrring.,"r Ohrring, -e",A1_Fit1.pdf
A1 (Fit in Deutsch 1),Ordnung,die,düzen,-en,Nomen,Das ist in Ordnung./Kannst du hier Ordnung machen?,"e Ordnung, -en",A1_Fit1.pdf
A1 (Fit in Deutsch 1),Paket,das,"paket, koli",-e,Nomen,Ist das Paket für mich?,"s Paket, -e",A1_Fit1.pdf
A1 (Fit in Deutsch 1),Park,der,park,-s,Nomen,Wir gehen in den Park. .,"r Park, -s",A1_Fit1.pdf
A1 (Fit in Deutsch 1),passieren,,"olmak, meydana gelmek",,Sonstiges,Was passiert hier?,passieren,A1_Fit1.pdf
A1 (Fit in Deutsch 1),Pause,die,"mola, ara",-n,Nomen,Jetzt machen wir eine Pause.,"e Pause, -n",A1_Fit1.pdf
A1 (Fit in Deutsch 1),Pferd,das,at,-e,Nomen,Das Pferd ist schon alt.,"s Pferd, -e",A1_Fit1.pdf
A1 (Fit in Deutsch 1),Pizza,die,pizza,-en,Nomen,Heute gibt es bei uns Pizza mit Tomaten und Käse.,"e Pizza, -en",A1_Fit1.pdf
A1 (Fit in Deutsch 1),Platz,der,"yer, meydan, alan","ä, -e",Nomen,Das ist mein Platz./In meiner Wohnung ist wenig Platz./Ist der Platz noch frei?,"r Platz, ä, -e",A1_Fit1.pdf
A1 (Fit in Deutsch 1),Post,die,"postane, posta",(Sg.),Nomen,"Ich gehe zur Post, kommst du mit?",e Post (Sg.),A1_Fit1.pdf
A1 (Fit in Deutsch 1),Poster,das,poster,-,Nomen,In meinem Zimmer sind viele Poster.,"s Poster, -",A1_Fit1.pdf
A1 (Fit in Deutsch 1),Postkarte,die,kartpostal,-n,Nomen,Wir schreiben ihm eine Postkarte.,"e Postkarte, -n",A1_Fit1.pdf
A1 (Fit in Deutsch 1),Problem,das,"sorun, problem",-e,Nomen,Hast du Probleme?,"s Problem, -e",A1_Fit1.pdf
A1 (Fit in Deutsch 1),Pullover,der,kazak,-,Nomen,"Du brauchst keinen Pullover, es ist warm.","r Pullover, -",A1_Fit1.pdf
A1 (Fit in Deutsch 1),pünktlich,,"dakik, tam zamanında",,Sonstiges,Kommt bitte pünktlich!,pünktlich,A1_Fit1.pdf
A1 (Fit in Deutsch 1),Quatsch,der,saçmalık,(Sg.),Nomen,"Ich finde, das ist Quatsch!",r Quatsch (Sg.),A1_Fit1.pdf
A1 (Fit in Deutsch 1),Quiz,das,bilgi yarışması,(Sg.),Nomen,Das ist ein Quiz für Kinder.,s Quiz (Sg.),A1_Fit1.pdf
A1 (Fit in Deutsch 1),Rad,das,"bisiklet, tekerlek","ä, -er",Nomen,Ich fahre mit dem Rad in die Schule.,"s Rad, ä, -er",A1_Fit1.pdf
A1 (Fit in Deutsch 1),(s Fahrrad),,bisiklet,,Sonstiges,,(s Fahrrad),A1_Fit1.pdf
A1 (Fit in Deutsch 1),Radiergummi,der,silgi,-s,Nomen,Gibst du mir deinen Radiergummi?,"r Radiergummi, -s",A1_Fit1.pdf
A1 (Fit in Deutsch 1),Radio,das,radyo,-s,Nomen,Ich habe ein neues Radio.,"s Radio, -s",A1_Fit1.pdf
A1 (Fit in Deutsch 1),raten,,tahmin etmek,,Sonstiges,"Das ist ein Spiel, man muss die Städte raten.",raten,A1_Fit1.pdf
A1 (Fit in Deutsch 1),Rätsel,das,bilmece,-,Nomen,Ich finde das Rätsel zu schwer.,"s Rätsel, -",A1_Fit1.pdf
A1 (Fit in Deutsch 1),recht haben,,haklı olmak,,Sonstiges,Du hast recht.,recht haben,A1_Fit1.pdf
A1 (Fit in Deutsch 1),rechts,,"sağda, sağa",,Sonstiges,Hier rechts ist unsere Schule.,rechts,A1_Fit1.pdf
A1 (Fit in Deutsch 1),Regen,der,yağmur,(Sg.),Nomen,Ich mag den Regen nicht.,r Regen (Sg.),A1_Fit1.pdf
A1 (Fit in Deutsch 1),regnen,,yağmur yağmak,,Sonstiges,Es regnet oft bei uns.,regnen,A1_Fit1.pdf
A1 (Fit in Deutsch 1),Reise,die,"yolculuk, seyahat",-n,Nomen,Wir machen eine Reise.,"e Reise, -n",A1_Fit1.pdf
A1 (Fit in Deutsch 1),reiten,,at binmek,,Sonstiges,Reiten ist mein Hobby.,reiten,A1_Fit1.pdf
A1 (Fit in Deutsch 1),reparieren,,"tamir etmek, onarmak",,Sonstiges,Mein Vater kann das Fahrrad reparieren.,reparieren,A1_Fit1.pdf
A1 (Fit in Deutsch 1),Restaurant,das,restoran,s,Nomen,Wir essen heute im Restaurant.,"s Restaurant, s",A1_Fit1.pdf
A1 (Fit in Deutsch 1),richtig,,doğru,,Sonstiges,Die Antwort ist nicht richtig.,richtig,A1_Fit1.pdf
A1 (Fit in Deutsch 1),Ring,der,yüzük,-e,Nomen,Sie trägt viele Ringe.,"r Ring, -e",A1_Fit1.pdf
A1 (Fit in Deutsch 1),Rucksack,der,sırt çantası,"ä, -e",Nomen,Der Rucksack für die Schule ist fertig.,"r Rucksack, ä, -e",A1_Fit1.pdf
A1 (Fit in Deutsch 1),ruhig,,sakin,,Sonstiges,Seid jetzt bitte ruhig!,ruhig,A1_Fit1.pdf
A1 (Fit in Deutsch 1),Sache,die,"şey, eşya",-n,Nomen,Wo sind meine Schulsachen?/Das ist eine tolle Sache.,"e Sache, -n",A1_Fit1.pdf
A1 (Fit in Deutsch 1),Saft,der,meyve suyu,"ä, -e",Nomen,Möchtest du Wasser oder Saft?,"r Saft, ä, -e",A1_Fit1.pdf
A1 (Fit in Deutsch 1),sagen,,"söylemek, demek",,Sonstiges,"Eva sagt, sie kommt heute nicht.",sagen,A1_Fit1.pdf
A1 (Fit in Deutsch 1),Salat,der,salata,-e,Nomen,Am Abend gibt es immer Salat.,"r Salat, -e",A1_Fit1.pdf
A1 (Fit in Deutsch 1),schade,,yazık,,Sonstiges,Du kannst nicht kommen? Das ist schade!,schade,A1_Fit1.pdf
A1 (Fit in Deutsch 1),schenken,,hediye etmek,,Sonstiges,Ich möchte Anna einen Pullover schenken.,schenken,A1_Fit1.pdf
A1 (Fit in Deutsch 1),Schiff,das,gemi,-e,Nomen,Sie fahren mit dem Schiff.,"s Schiff, -e",A1_Fit1.pdf
A1 (Fit in Deutsch 1),schlafen,,uyumak,,Sonstiges,Wo kann ich schlafen?,schlafen,A1_Fit1.pdf
A1 (Fit in Deutsch 1),schlecht,,"kötü, fena",,Sonstiges,Mir ist so schlecht./Das Essen hier ist nicht schlecht.,schlecht,A1_Fit1.pdf
A1 (Fit in Deutsch 1),schmecken,,"tadı olmak, lezzetli olmak",,Sonstiges,Wie schmeckt der Hamburger?,schmecken,A1_Fit1.pdf
A1 (Fit in Deutsch 1),Schmerz,der,"ağrı, acı",-en,Nomen,Ich habe Bauchschmerzen.,"r Schmerz, -en",A1_Fit1.pdf
A1 (Fit in Deutsch 1),schnell,,"hızlı, çabuk",,Sonstiges,Mach schnell!,schnell,A1_Fit1.pdf
A1 (Fit in Deutsch 1),Schokolade,die,çikolata,(Sg.),Nomen,Ich esse keine Schokolade.,e Schokolade (Sg.),A1_Fit1.pdf
A1 (Fit in Deutsch 1),schon,,"zaten, bile",,Sonstiges,Ich habe schon sechs Computerspiele.,schon,A1_Fit1.pdf
A1 (Fit in Deutsch 1),schön,,güzel,,Sonstiges,Mein Zimmer ist sehr schön und gemütlich.,schön,A1_Fit1.pdf
A1 (Fit in Deutsch 1),schreiben,,yazmak,,Sonstiges,Erika schreibt mir jeden Tag.,schreiben,A1_Fit1.pdf
A1 (Fit in Deutsch 1),schwer,,"zor, ağır",,Sonstiges,Ich finde die Hausaufgaben sehr schwer.,schwer,A1_Fit1.pdf
A1 (Fit in Deutsch 1),Schwimmbad,das,yüzme havuzu,"ä, -er",Nomen,Im Sommer gehen wir oft ins Schwimmbad.,"s Schwimmbad, ä, -er",A1_Fit1.pdf
A1 (Fit in Deutsch 1),schwimmen,,yüzmek,,Sonstiges,Ich kann gut schwimmen.,schwimmen,A1_Fit1.pdf
A1 (Fit in Deutsch 1),See,der,göl,-n,Nomen,Der See ist sehr groß./Wir wohnen am See./ Wir fahren zum Ammersee.,"r See, -n",A1_Fit1.pdf
A1 (Fit in Deutsch 1),sehen,,görmek,,Sonstiges,Siehst du das große Haus? Da wohne ich.,sehen,A1_Fit1.pdf
A1 (Fit in Deutsch 1),sehr,,çok,,Sonstiges,Ich liebe ihn sehr./Das ist sehr wichtig.,sehr,A1_Fit1.pdf
A1 (Fit in Deutsch 1),sein,,olmak,,Sonstiges,Ich bin 13 Jahre alt./Das ist mein Bruder./ Er ist Student./ Die Kinder sind im Garten.,sein,A1_Fit1.pdf
A1 (Fit in Deutsch 1),sein,,olmak,-e,Sonstiges,Er mag seinen Bruder sehr gern. (vergl. Grammatik),"sein, -e",A1_Fit1.pdf
A1 (Fit in Deutsch 1),Seite,die,sayfa,-n,Nomen,Das steht auf Seite 3.,"e Seite, -n",A1_Fit1.pdf
A1 (Fit in Deutsch 1),sicher,,"emin, kesin, güvenli",,Sonstiges,Du bist sicher gut in der Schule.,sicher,A1_Fit1.pdf
A1 (Fit in Deutsch 1),sie,,"o, onlar",,Sonstiges,"Das ist Frau Meyer, sie wohnt hier.",sie,A1_Fit1.pdf
A1 (Fit in Deutsch 1),Sie,,siz,,Sonstiges,Sind Sie der neue Lehrer?/Wie geht es Ihnen? (vergl. Grammatik),Sie,A1_Fit1.pdf
A1 (Fit in Deutsch 1),so,,"böyle, bu kadar, o kadar",,Sonstiges,Ich mache das nicht so./Das schmeckt so gut./ Sie ist so alt wie ich.,so,A1_Fit1.pdf
A1 (Fit in Deutsch 1),sofort,,"hemen, derhal",,Sonstiges,"Warte, ich komme sofort!",sofort,A1_Fit1.pdf
A1 (Fit in Deutsch 1),Spaß,der,"eğlence, zevk",(Sg.),Nomen,Wir haben immer viel Spaß zusammen./Viel Spaß!,r Spaß (Sg.),A1_Fit1.pdf
A1 (Fit in Deutsch 1),spät,,geç,,Sonstiges,"Mach schnell, es ist spät!/Ich komme zu spät./ Wie spät ist es?",spät,A1_Fit1.pdf
A1 (Fit in Deutsch 1),später,,daha sonra,,Sonstiges,Ich mache die Hausaufgaben später.,später,A1_Fit1.pdf
A1 (Fit in Deutsch 1),spazieren gehen,,yürüyüşe çıkmak,,Sonstiges,Wollen wir spazieren gehen?,spazieren gehen,A1_Fit1.pdf
A1 (Fit in Deutsch 1),Spiel,das,oyun,-e,Nomen,Ich kenne ein neues Spiel.,"s Spiel, -e",A1_Fit1.pdf
A1 (Fit in Deutsch 1),spielen,,oynamak,,Sonstiges,Willst du mit uns spielen?,spielen,A1_Fit1.pdf
A1 (Fit in Deutsch 1),Spielplatz,der,"oyun alanı, oyun parkı","ä, -e",Nomen,Sie ist mit Ben auf dem Spielplatz.,"r Spielplatz, ä, -e",A1_Fit1.pdf
A1 (Fit in Deutsch 1),Sport,der,spor,(Sg.),Nomen,Sport ist mein Hobby.,r Sport (Sg.),A1_Fit1.pdf
A1 (Fit in Deutsch 1),Sprache,die,dil,-n,Nomen,Er spricht fünf Sprachen.,"e Sprache, -n",A1_Fit1.pdf
A1 (Fit in Deutsch 1),sprechen,,konuşmak,,Sonstiges,Sie spricht mit dem Lehrer.,sprechen,A1_Fit1.pdf
A1 (Fit in Deutsch 1),Stadt,die,"şehir, kent","ä, -e",Nomen,Unsere Stadt ist nicht so groß.,"e Stadt, ä, -e",A1_Fit1.pdf
A1 (Fit in Deutsch 1),Strand,der,"plaj, kumsal","ä, -e",Nomen,Wir spielen am Strand.,"r Strand, ä, -e",A1_Fit1.pdf
A1 (Fit in Deutsch 1),Straße,die,"sokak, cadde",-n,Nomen,Wir wohnen in der Goethe-Straße.,"e Straße, -n",A1_Fit1.pdf
A1 (Fit in Deutsch 1),Stück,das,parça,-e,Nomen,Willst du noch ein Stück Kuchen?,"s Stück, -e",A1_Fit1.pdf
A1 (Fit in Deutsch 1),suchen,,aramak,,Sonstiges,Ich suche meinen Kugelschreiber.,suchen,A1_Fit1.pdf
A1 (Fit in Deutsch 1),Supermarkt,der,süpermarket,"ä, -e",Nomen,Wir kaufen immer im Supermarkt ein.,"r Supermarkt, ä, -e",A1_Fit1.pdf
A1 (Fit in Deutsch 1),Suppe,die,çorba,-n,Nomen,Ich kann auch Suppe kochen.,"e Suppe, -n",A1_Fit1.pdf
A1 (Fit in Deutsch 1),süß,,tatlı,,Sonstiges,Der Kaffee ist zu süß./Der neue Tennislehrer ist wirklich süß!,süß,A1_Fit1.pdf
A1 (Fit in Deutsch 1),Süßigkeiten,die,"tatlılar, şekerlemeler",(Pl.),Nomen,Am liebsten esse ich Süßigkeiten.,e Süßigkeiten (Pl.),A1_Fit1.pdf
A1 (Fit in Deutsch 1),sympathisch,,"sempatik, sevimli",,Sonstiges,Ich finde ihn sehr sympathisch.,sympathisch,A1_Fit1.pdf
A1 (Fit in Deutsch 1),tanzen,,dans etmek,,Sonstiges,Leider kann er nicht gut tanzen.,tanzen,A1_Fit1.pdf
A1 (Fit in Deutsch 1),Tasche,die,çanta,-n,Nomen,Die Tasche ist sehr schwer.,"e Tasche, -n",A1_Fit1.pdf
A1 (Fit in Deutsch 1),Taschengeld,das,harçlık,(Sg.),Nomen,Wie viel Taschengeld bekommst du?,s Taschengeld (Sg.),A1_Fit1.pdf
A1 (Fit in Deutsch 1),Tasse,die,fincan,-n,Nomen,Ich möchte eine Tasse Kakao.,"e Tasse, -n",A1_Fit1.pdf
A1 (Fit in Deutsch 1),Tee,der,çay,-s,Nomen,Am Abend trinken wir Tee.,"r Tee, -s",A1_Fit1.pdf
A1 (Fit in Deutsch 1),telefonieren,,telefonla konuşmak,,Sonstiges,Ich telefoniere oft mit meiner Freundin in Frankfurt.,telefonieren,A1_Fit1.pdf
A1 (Fit in Deutsch 1),Tennis spielen,,tenis oynamak,,Sonstiges,Er spielt gut Tennis.,Tennis spielen,A1_Fit1.pdf
A1 (Fit in Deutsch 1),teuer,,pahalı,,Sonstiges,"Mein neues Kleid war sehr teuer, aber es ist wunderbar.",teuer,A1_Fit1.pdf
A1 (Fit in Deutsch 1),Theater,das,tiyatro,-,Nomen,Am Sonntag waren wir im Theater.,"s Theater, -",A1_Fit1.pdf
A1 (Fit in Deutsch 1),Thema,das,konu,Themen,Nomen,Wie heißt das Thema des Buchs?,"s Thema, Themen",A1_Fit1.pdf
A1 (Fit in Deutsch 1),Tier,das,hayvan,-e,Nomen,Ich möchte ein Tier haben: eine Katze oder einen Hund.,"s Tier, -e",A1_Fit1.pdf
A1 (Fit in Deutsch 1),Tisch,der,masa,-e,Nomen,Am Fenster ist ein Tisch.,"r Tisch, -e",A1_Fit1.pdf
A1 (Fit in Deutsch 1),Toilette,die,tuvalet,-n,Nomen,Wo ist die Toilette?,"e Toilette, -n",A1_Fit1.pdf
A1 (Fit in Deutsch 1),toll,,"harika, muhteşem",,Sonstiges,In den Ferien war es toll.,toll,A1_Fit1.pdf
A1 (Fit in Deutsch 1),tragen,,"taşımak, giymek",,Sonstiges,Er trägt Jeans,tragen,A1_Fit1.pdf
A1 (Fit in Deutsch 1),traurig,,üzgün,,Sonstiges,Ich bin oft traurig.,traurig,A1_Fit1.pdf
A1 (Fit in Deutsch 1),treffen,,"buluşmak, karşılaşmak",,Sonstiges,Am Nachmittag treffe ich meine Freunde.,treffen,A1_Fit1.pdf
A1 (Fit in Deutsch 1),trinken,,içmek,,Sonstiges,Wir trinken gern Saft.,trinken,A1_Fit1.pdf
A1 (Fit in Deutsch 1),T-Shirt,das,tişört,-s,Nomen,Wie gefällt dir mein neues T-Shirt?,"s T-Shirt, -s",A1_Fit1.pdf
A1 (Fit in Deutsch 1),tschüss!,,hoşça kal!,,Sonstiges,Also bis bald - tschüss!,tschüss!,A1_Fit1.pdf
A1 (Fit in Deutsch 1),Tür,die,kapı,-en,Nomen,Die Tür ist auf.,"e Tür, -en",A1_Fit1.pdf
A1 (Fit in Deutsch 1),U-Bahn,die,metro,-en,Nomen,Wir nehmen die U-Bahn.,"e U-Bahn, -en",A1_Fit1.pdf
A1 (Fit in Deutsch 1),üben,,"alıştırma yapmak, çalışmak",,Sonstiges,Ich muss jeden Tag Klavier üben.,üben,A1_Fit1.pdf
A1 (Fit in Deutsch 1),über,,"üzerinden, karşıdan karşıya",,Sonstiges,Jetzt gehen wir über die Straße.,über,A1_Fit1.pdf
A1 (Fit in Deutsch 1),überall,,her yerde,,Sonstiges,In der Altstadt gibt es überall kleine Cafés.,überall,A1_Fit1.pdf
A1 (Fit in Deutsch 1),Uhr,die,saat,-en,Nomen,Hast du keine Uhr?/Wie viel Uhr ist es?,"e Uhr, -en",A1_Fit1.pdf
A1 (Fit in Deutsch 1),um,,"saat ...'de, etrafında, çevresinde",,Sonstiges,Um 7.30 Uhr kommt der Zug.,um,A1_Fit1.pdf
A1 (Fit in Deutsch 1),und,,ve,,Sonstiges,Karl und Susanne kommen auch.,und,A1_Fit1.pdf
A1 (Fit in Deutsch 1),und so weiter,,"ve saire, vesaire",,Sonstiges,usw.,und so weiter,A1_Fit1.pdf
A1 (Fit in Deutsch 1),unser,,bizim,-e,Sonstiges,Das ist unser neues Auto. (vergl. Grammatik),"unser, -e",A1_Fit1.pdf
A1 (Fit in Deutsch 1),Unterricht,der,ders,(Sg.),Nomen,Der Unterricht macht mir Spaß.,r Unterricht (Sg.),A1_Fit1.pdf
A1 (Fit in Deutsch 1),verdienen,,kazanmak,,Sonstiges,In den Ferien möchte ich ein bisschen Geld verdienen.,verdienen,A1_Fit1.pdf
A1 (Fit in Deutsch 1),vergessen,,unutmak,,Sonstiges,Ich vergesse oft die Vokabeln.,vergessen,A1_Fit1.pdf
A1 (Fit in Deutsch 1),verrückt,,"çılgın, deli",,Sonstiges,Ich finde die Idee verrückt. Sie trägt so verrückte Kleider.,verrückt,A1_Fit1.pdf
A1 (Fit in Deutsch 1),verstehen,,anlamak,,Sonstiges,Ich verstehe dich nicht.,verstehen,A1_Fit1.pdf
A1 (Fit in Deutsch 1),viel,,çok,-e,Sonstiges,Hast du viele Freunde?,"viel, -e",A1_Fit1.pdf
A1 (Fit in Deutsch 1),vielleicht,,belki,,Sonstiges,Kannst du mir vielleicht helfen?/Vielleicht kommt er.,vielleicht,A1_Fit1.pdf
A1 (Fit in Deutsch 1),von,,"-den/-dan, tarafından",,Sonstiges,Der Computer ist ein Geschenk von meinem Onkel./ Sie arbeitet von sieben bis neun./Er kommt von der Arbeit.,von,A1_Fit1.pdf
A1 (Fit in Deutsch 1),vor,,"önünde, önce",,Sonstiges,Ich treffe Peter vor dem Kino./Vor dem Frühstück.,vor,A1_Fit1.pdf
A1 (Fit in Deutsch 1),Vorname,der,"ad, isim",-n,Nomen,Wie ist dein Vorname?,"r Vorname, -n",A1_Fit1.pdf
A1 (Fit in Deutsch 1),vorstellen,,kendini tanıtmak,(sich),Sonstiges,Stell dich bitte vor!,vorstellen (sich),A1_Fit1.pdf
A1 (Fit in Deutsch 1),wahr,,"doğru, gerçek",,Sonstiges,"Das ist sicher nicht wahr./Das schmeckt gut, nicht wahr?",wahr,A1_Fit1.pdf
A1 (Fit in Deutsch 1),Wald,der,orman,"ä, -er",Nomen,In Thüringen gibt es sehr viel Wald.,"r Wald, ä, -er",A1_Fit1.pdf
A1 (Fit in Deutsch 1),wandern,,"yürüyüş yapmak, doğa yürüyüşüne çıkmak",,Sonstiges,Am Wochenende wandern wir zum Tüngelsee.,wandern,A1_Fit1.pdf
A1 (Fit in Deutsch 1),wann,,ne zaman,,Sonstiges,Wann hast du Geburtstag?,wann,A1_Fit1.pdf
A1 (Fit in Deutsch 1),warm,,"sıcak, ılık",,Sonstiges,Gestern war es hier schon sehr warm.,warm,A1_Fit1.pdf
A1 (Fit in Deutsch 1),warten,,beklemek,,Sonstiges,Wartest du schon lange?,warten,A1_Fit1.pdf
A1 (Fit in Deutsch 1),warum,,"neden, niçin",,Sonstiges,Warum antwortest du nicht?,warum,A1_Fit1.pdf
A1 (Fit in Deutsch 1),was,,ne,,Sonstiges,Was kann man hier kaufen?,was,A1_Fit1.pdf
A1 (Fit in Deutsch 1),waschen,,yıkamak,,Sonstiges,Ich will meine Haare waschen.,waschen,A1_Fit1.pdf
A1 (Fit in Deutsch 1),Wasser,das,su,(Sg.),Nomen,Das Wasser ist so kalt./Gib mir bitte ein Glas Wasser.,s Wasser (Sg.),A1_Fit1.pdf
A1 (Fit in Deutsch 1),wecken,,uyandırmak,,Sonstiges,Meine Mutter weckt mich um 7.30 Uhr.,wecken,A1_Fit1.pdf
A1 (Fit in Deutsch 1),weh tun,,"acımak, ağrımak",,Sonstiges,Mein Kopf tut so weh.,weh tun,A1_Fit1.pdf
A1 (Fit in Deutsch 1),weit,,uzak,,Sonstiges,"Wir fahren zum See, das ist nicht weit.",weit,A1_Fit1.pdf
A1 (Fit in Deutsch 1),weiter,,"daha, ileri",,Sonstiges,Lies bitte weiter.,weiter,A1_Fit1.pdf
A1 (Fit in Deutsch 1),welch-,,hangi,"-er, -e, -s",Sonstiges,Welche CD möchtest du?,"welch- , -er, -e, -s",A1_Fit1.pdf
A1 (Fit in Deutsch 1),wenig,,az,e,Sonstiges,Ich habe heute wenig Zeit.,"wenig, e",A1_Fit1.pdf
A1 (Fit in Deutsch 1),wer,,kim,,Sonstiges,Wer ist die elegante Frau?,wer,A1_Fit1.pdf
A1 (Fit in Deutsch 1),werden,,"olmak, haline gelmek",,Sonstiges,Ich möchte Architekt werden.,werden,A1_Fit1.pdf
A1 (Fit in Deutsch 1),wichtig,,önemli,,Sonstiges,"Ich glaube, die Frage ist wichtig.",wichtig,A1_Fit1.pdf
A1 (Fit in Deutsch 1),wie,,"nasıl, gibi",,Sonstiges,Wie heißt du?/Wie groß ist Berlin?/Wie alt ist er?/ Das ist wie im Kino!,wie,A1_Fit1.pdf
A1 (Fit in Deutsch 1),wieder,,"tekrar, yine",,Sonstiges,Ich möchte wieder nach Deutschland fahren.,wieder,A1_Fit1.pdf
A1 (Fit in Deutsch 1),wiederholen,,tekrarlamak,,Sonstiges,Können Sie das bitte wiederholen?,wiederholen,A1_Fit1.pdf
A1 (Fit in Deutsch 1),Wiedersehen,das,"tekrar görüşme, yeniden buluşma",-,Nomen,Auf Wiedersehen.,"s Wiedersehen, -",A1_Fit1.pdf
A1 (Fit in Deutsch 1),wie viel,,"ne kadar, kaç",,Sonstiges,Wie viel kostet das?,wie viel,A1_Fit1.pdf
A1 (Fit in Deutsch 1),willkommen,,"hoş geldin, hoş geldiniz",,Sonstiges,Willkommen bei uns!,willkommen,A1_Fit1.pdf
A1 (Fit in Deutsch 1),wir,,biz,,Sonstiges,Wir haben eine neue Lehrerin. (vergl. Grammatik),wir,A1_Fit1.pdf
A1 (Fit in Deutsch 1),wirklich,,gerçekten,,Sonstiges,Willst du das wirklich kaufen?,wirklich,A1_Fit1.pdf
A1 (Fit in Deutsch 1),wissen,,bilmek,,Sonstiges,Ich weiß es nicht.,wissen,A1_Fit1.pdf
A1 (Fit in Deutsch 1),wo,,nerede,,Sonstiges,Wo wohnt ihr?,wo,A1_Fit1.pdf
A1 (Fit in Deutsch 1),woher,,nereden,,Sonstiges,Woher kommt der Zug?,woher,A1_Fit1.pdf
A1 (Fit in Deutsch 1),wohin,,nereye,,Sonstiges,Wohin fährt der Bus?,wohin,A1_Fit1.pdf
A1 (Fit in Deutsch 1),wohnen,,"oturmak, yaşamak, ikamet etmek",,Sonstiges,Wo wohnst du?,wohnen,A1_Fit1.pdf
A1 (Fit in Deutsch 1),Wohnung,die,"daire, ev",-en,Nomen,Unsere Wohnung hat drei Zimmer.,"e Wohnung, -en",A1_Fit1.pdf
A1 (Fit in Deutsch 1),Wohnzimmer,das,oturma odası,-,Nomen,Ich mache die Hausaufgaben im Wohnzimmer.,"s Wohnzimmer, -",A1_Fit1.pdf
A1 (Fit in Deutsch 1),wollen,,istemek,,Sonstiges,Willst du meine Freunde kennenlernen?,wollen,A1_Fit1.pdf
A1 (Fit in Deutsch 1),Wort,das,"kelime, sözcük","ö, -er",Nomen,Wie viele Wörter hat dein Brief?,"s Wort , ö, -er",A1_Fit1.pdf
A1 (Fit in Deutsch 1),wunderbar,,"harika, mükemmel",,Sonstiges,Das Essen schmeckt wunderbar.,wunderbar,A1_Fit1.pdf
A1 (Fit in Deutsch 1),wünschen,,dilemek,,Sonstiges,Ich wünsche dir schöne Ferien.,wünschen,A1_Fit1.pdf
A1 (Fit in Deutsch 1),Wurst,die,"sosis, sucuk","ü, -e",Nomen,Ich möchte eine Curry-Wurst.,"e Wurst, ü, -e",A1_Fit1.pdf
A1 (Fit in Deutsch 1),Zahn,der,diş,"ä, -e",Nomen,Mein Zahn tut weh.,"r Zahn, ä, -e",A1_Fit1.pdf
A1 (Fit in Deutsch 1),zeigen,,göstermek,,Sonstiges,Zeigst du mir deinen Computer?,zeigen,A1_Fit1.pdf
A1 (Fit in Deutsch 1),Zeit,die,"zaman, vakit",-en,Nomen,Wann hast du Zeit für mich?,"e Zeit, -en",A1_Fit1.pdf
A1 (Fit in Deutsch 1),Zeitung,die,gazete,-en,Nomen,Meine Mutter liest am Morgen die Zeitung.,"e Zeitung, -en",A1_Fit1.pdf
A1 (Fit in Deutsch 1),Zimmer,das,oda,-,Nomen,Mein Zimmer ist sehr klein.,"s Zimmer, -",A1_Fit1.pdf
A1 (Fit in Deutsch 1),zu,,"çok, fazla; -e, -a",,Sonstiges,zu groß/zum Frühstück/zum Zahnarzt/zur Post/ zum Geburtstag,zu,A1_Fit1.pdf
A1 (Fit in Deutsch 1),zuerst,,"önce, ilk olarak",,Sonstiges,Sagen Sie bitte zuerst den Vornamen.,zuerst,A1_Fit1.pdf
A1 (Fit in Deutsch 1),Zug,der,tren,"ü, -e",Nomen,Wir nehmen den Zug.,"r Zug, ü, -e",A1_Fit1.pdf
A1 (Fit in Deutsch 1),zum Beispiel,,örneğin,,Sonstiges,z. B.,zum Beispiel,A1_Fit1.pdf
A1 (Fit in Deutsch 1),zumachen,,kapatmak,,Sonstiges,Mach die Tür zu!,zumachen,A1_Fit1.pdf
A1 (Fit in Deutsch 1),zusammen,,birlikte,,Sonstiges,Wir machen zusammen Hausaufgaben.,zusammen,A1_Fit1.pdf
A1 (Fit in Deutsch 1),zu sein,,kapalı olmak,,Sonstiges,Die Bibliothek ist in den Ferien zu.,zu sein,A1_Fit1.pdf
